{
  "mae": 4.460562128332717,
  "mse": 32.63431606158702,
  "rmse": 5.712645277066223,
  "mape": 0.08114198001993558
}