{
  "mae": 9.156784340226613,
  "mse": 116.31029751236476,
  "rmse": 10.784725194105075,
  "mape": 0.16959829712712263
}