{
  "mae": 4.7005977507837144,
  "mse": 44.51281474990704,
  "rmse": 6.671792469037615,
  "mape": 0.1764947184859673
}