{
  "mae": 9.601082172043482,
  "mse": 147.13176756381839,
  "rmse": 12.129788438543287,
  "mape": 0.13313799124905315
}