{
  "mae": 9.483975753842731,
  "mse": 120.71948002688134,
  "rmse": 10.987241693295061,
  "mape": 0.17407021192645444
}