{
  "mae": 5.34280308239933,
  "mse": 53.31869402901573,
  "rmse": 7.301965079964141,
  "mape": 0.06593578545425015
}