{
  "mae": 7.2301486993132755,
  "mse": 85.93476739188931,
  "rmse": 9.270100721776938,
  "mape": 0.14675351910541531
}