{
  "mae": 5.499803266504742,
  "mse": 59.650769537760034,
  "rmse": 7.723391064665833,
  "mape": 0.06732468859832887
}