{
  "mae": 4.514029328630523,
  "mse": 49.55303335366147,
  "rmse": 7.039391547119784,
  "mape": 0.28089266664565465
}