{
  "mae": 5.1337585483205235,
  "mse": 50.4486410337639,
  "rmse": 7.10272067828687,
  "mape": 0.06337015659225664
}