{
  "mae": 6.749501282996925,
  "mse": 70.09634618144298,
  "rmse": 8.372356071109433,
  "mape": 0.08113135023130526
}