{
  "mae": 6.160646364400408,
  "mse": 61.51226961401746,
  "rmse": 7.8429758136830605,
  "mape": 0.07378014520345794
}