{
  "mae": 19.81208084976533,
  "mse": 621.716870086012,
  "rmse": 24.934250942950182,
  "mape": 0.6737313484975773
}