{
  "mae": 5.121734204855886,
  "mse": 66.32835890917193,
  "rmse": 8.144222425079752,
  "mape": 0.26772209165388927
}