{
  "mae": 7.0673760679919715,
  "mse": 79.59358423424803,
  "rmse": 8.921523649817223,
  "mape": 0.14184599237238057
}