{
  "mae": 11.311864947936504,
  "mse": 207.95522112059302,
  "rmse": 14.420652589969464,
  "mape": 0.18064962917181093
}