{
  "mae": 4.8507394946028235,
  "mse": 38.26440059227187,
  "rmse": 6.185822547751582,
  "mape": 0.08854658805157278
}