{
  "mae": 7.5346641722778465,
  "mse": 130.13177290868472,
  "rmse": 11.407531411689591,
  "mape": 0.4522188148689457
}