{
  "mae": 11.49467849132766,
  "mse": 192.20660024798886,
  "rmse": 13.863859500441746,
  "mape": 0.18375887639086266
}