{
  "mae": 5.985412290366661,
  "mse": 63.56791315857989,
  "rmse": 7.972948837072761,
  "mape": 0.2177633868190121
}