{
  "model": "Transformer",
  "season": "Summer",
  "params": {
    "look_back": 72,
    "horizon": 72,
    "features": 1,
    "total_params": 47376
  },
  "metrics": {
    "mae": 5.241783797793515,
    "mse": 51.33338845187975,
    "rmse": 7.164732266587478,
    "mape": 0.06460340247395983,
    "r2": 0.26023915002176534
  }
}