{
  "mae": 6.507198119822168,
  "mse": 73.28481589716374,
  "rmse": 8.560655109111904,
  "mape": 0.13233942741994148
}