{
  "mae": 9.212800447397617,
  "mse": 208.7684130544472,
  "rmse": 14.448820472773797,
  "mape": 0.5402824379530548
}