{
  "mae": 9.191725235871019,
  "mse": 116.08308731389617,
  "rmse": 10.774186155524516,
  "mape": 0.1678097798951804
}