{
  "mae": 19.642562135968337,
  "mse": 576.3303863215104,
  "rmse": 24.006882061640376,
  "mape": 0.7341984532507065
}