{
  "mae": 5.699019344863927,
  "mse": 63.435935764341615,
  "rmse": 7.964667963219911,
  "mape": 0.06998808170266542
}