{
  "mae": 5.801122553586363,
  "mse": 65.02601389416641,
  "rmse": 8.063870900142586,
  "mape": 0.07073993335000676
}