{
  "mae": 5.688878008844925,
  "mse": 66.22011220482779,
  "rmse": 8.13757409826957,
  "mape": 0.07216480342892279
}