{
  "mae": 9.222337199823853,
  "mse": 116.14485053951427,
  "rmse": 10.777052033813062,
  "mape": 0.17267376645556803
}