{
  "mae": 19.92870792256621,
  "mse": 657.131156954776,
  "rmse": 25.634569568353903,
  "mape": 0.6321205557609453
}