{
  "mae": 7.000188808198328,
  "mse": 80.35318007315682,
  "rmse": 8.963993533752511,
  "mape": 0.1399993075719484
}