{
  "mae": 5.3186333169463005,
  "mse": 54.645979727594394,
  "rmse": 7.392291913039852,
  "mape": 0.06585127941537645
}