{
  "mae": 9.12939466150171,
  "mse": 195.0231730198841,
  "rmse": 13.96506974633081,
  "mape": 0.5585657273901484
}