{
  "mae": 19.92672327580093,
  "mse": 655.0194145805932,
  "rmse": 25.593347076546927,
  "mape": 0.6365453139797682
}