{
  "mae": 13.462384311076073,
  "mse": 265.29913301648094,
  "rmse": 16.28800580232218,
  "mape": 0.30115521488184127
}