{
  "mae": 10.957540489448224,
  "mse": 178.5761293451356,
  "rmse": 13.363237981310354,
  "mape": 0.1537769844568193
}