{
  "mae": 13.305265286881536,
  "mse": 269.5725435224663,
  "rmse": 16.4186644865673,
  "mape": 0.2984599601513789
}