{
  "mae": 6.860785039278617,
  "mse": 81.28604324104147,
  "rmse": 9.015877286267902,
  "mape": 0.13558755945049827
}