{
  "mae": 4.7514482058605045,
  "mse": 50.76730999339171,
  "rmse": 7.1251182441691245,
  "mape": 0.28180453538673017
}