{
  "mae": 14.62419357369475,
  "mse": 294.7130462820351,
  "rmse": 17.167208459211857,
  "mape": 0.24056836800552533
}