{
  "mae": 9.213218030870937,
  "mse": 134.5340581763072,
  "rmse": 11.598881764045498,
  "mape": 0.1904640890937957
}