{
  "mae": 10.950461654009498,
  "mse": 185.84764199541274,
  "rmse": 13.632594837205891,
  "mape": 0.15660754673049995
}