{
  "mae": 4.81324191292148,
  "mse": 37.11147467088297,
  "rmse": 6.091918800417728,
  "mape": 0.08872629587360892
}