{
  "mae": 4.7423665040179985,
  "mse": 53.27571173808587,
  "rmse": 7.299021286315438,
  "mape": 0.27336066746607324
}