{
  "mae": 9.748645643972235,
  "mse": 147.22207490721306,
  "rmse": 12.133510411550857,
  "mape": 0.1357085231572744
}