{
  "mae": 5.189327298440264,
  "mse": 51.47549939537002,
  "rmse": 7.174642806117251,
  "mape": 0.06397818129392797
}