{
  "mae": 6.168648865626647,
  "mse": 59.42329711734751,
  "rmse": 7.70865079747082,
  "mape": 0.07364061664690207
}