{
  "mae": 5.068081886745632,
  "mse": 58.397424129163724,
  "rmse": 7.641820733906529,
  "mape": 0.2961238790669268
}