{
  "mae": 5.463448620339708,
  "mse": 53.07188410643882,
  "rmse": 7.285045237089391,
  "mape": 0.19649776053108364
}