{
  "mae": 9.544824857117163,
  "mse": 147.26282396681495,
  "rmse": 12.13518949035469,
  "mape": 0.1598624003736345
}