{
  "mae": 6.157458006492244,
  "mse": 68.99385196199262,
  "rmse": 8.306253786274088,
  "mape": 0.21500517094189167
}