{
  "mae": 8.401050783481175,
  "mse": 115.40508625962894,
  "rmse": 10.742675935707497,
  "mape": 0.1759048171623434
}