{
  "mae": 12.651125246810887,
  "mse": 256.13497358956954,
  "rmse": 16.004217368855297,
  "mape": 0.2691470377171748
}