{
  "mae": 10.03738953502576,
  "mse": 159.21623648220424,
  "rmse": 12.618091633928017,
  "mape": 0.16513161785220415
}