{
  "mae": 14.591302253625212,
  "mse": 305.87229582442075,
  "rmse": 17.489205122715575,
  "mape": 0.32390891229585295
}