{
  "mae": 10.14917030005869,
  "mse": 173.26831975903465,
  "rmse": 13.163142472792531,
  "mape": 0.14645664464444008
}