{
  "mae": 5.299197738605382,
  "mse": 50.88315773429189,
  "rmse": 7.133243142799206,
  "mape": 0.19659028666026745
}