{
  "mae": 7.288345640788178,
  "mse": 92.53718221088609,
  "rmse": 9.619624847720731,
  "mape": 0.2401357780493362
}