{
  "mae": 8.691513224540513,
  "mse": 219.98865774523762,
  "rmse": 14.832014621933112,
  "mape": 0.3941172506897637
}