{
  "mae": 9.866298477665081,
  "mse": 156.11712197085222,
  "rmse": 12.494683748332818,
  "mape": 0.1675450204928454
}