{
  "mae": 12.519102423951335,
  "mse": 239.34818793847492,
  "rmse": 15.470881937965752,
  "mape": 0.27657604796957375
}