{
  "mae": 6.767004040109804,
  "mse": 77.878987075168,
  "rmse": 8.824907199238302,
  "mape": 0.23846450080159767
}