{
  "mae": 12.541685945390821,
  "mse": 247.721491679512,
  "rmse": 15.739170615998544,
  "mape": 0.26508212313172014
}