{
  "mae": 4.3445043096780935,
  "mse": 31.44400384628438,
  "rmse": 5.60749532735288,
  "mape": 0.07991686958584468
}