{
  "mae": 6.8079341065382675,
  "mse": 71.5398988582605,
  "rmse": 8.45812620254986,
  "mape": 0.08079785221733486
}