{
  "mae": 5.184897026595566,
  "mse": 52.691928608114495,
  "rmse": 7.258920622800231,
  "mape": 0.06428906248706304
}