{
  "mae": 4.792741861772279,
  "mse": 55.05072216079312,
  "rmse": 7.419617386415092,
  "mape": 0.26502195457180006
}