{
  "mae": 6.510865407245623,
  "mse": 59.3574585120662,
  "rmse": 7.704379177588951,
  "mape": 0.1166118545832892
}