{
  "mae": 8.6644194202094,
  "mse": 95.93124993123362,
  "rmse": 9.794449955522445,
  "mape": 0.10107933356280072
}