{
  "mae": 10.324411170765368,
  "mse": 158.08678187206274,
  "rmse": 12.573256613624919,
  "mape": 0.17115314043966617
}