{
  "mae": 5.656592931728424,
  "mse": 57.8835232598381,
  "rmse": 7.608122190122744,
  "mape": 0.19722609111518788
}