{
  "mae": 6.405944457585303,
  "mse": 62.249456073580845,
  "rmse": 7.88983244901822,
  "mape": 0.07607636742694272
}