{
  "mae": 4.913960396824978,
  "mse": 39.82540129083131,
  "rmse": 6.310736984761076,
  "mape": 0.09041315267102125
}