{
  "mae": 7.665111128143564,
  "mse": 101.07707788787631,
  "rmse": 10.053709658025555,
  "mape": 0.15944634958274329
}