{
  "mae": 6.643062842266807,
  "mse": 76.02071063700832,
  "rmse": 8.718985642665569,
  "mape": 0.1312010534537172
}