{
  "mae": 5.338796299425296,
  "mse": 52.79685663578571,
  "rmse": 7.266144550983396,
  "mape": 0.0659219432321373
}