{
  "mae": 5.594327587942202,
  "mse": 57.208590601993244,
  "rmse": 7.5636360701710945,
  "mape": 0.19876460201459434
}