{
  "mae": 9.821322673349288,
  "mse": 156.3537408917317,
  "rmse": 12.50414894711878,
  "mape": 0.1388129233013127
}