{
  "mae": 9.771352457290863,
  "mse": 147.03411896463717,
  "rmse": 12.125762613734329,
  "mape": 0.13626501041094752
}