{
  "mae": 9.453712628730225,
  "mse": 145.37077051043246,
  "rmse": 12.056980157171715,
  "mape": 0.20101406625348592
}