{
  "mae": 5.615165395418029,
  "mse": 62.91828396574302,
  "rmse": 7.932104636585616,
  "mape": 0.07092736089524701
}