{
  "mae": 6.094660983886586,
  "mse": 66.434657905505,
  "rmse": 8.150745849644988,
  "mape": 0.2097592792619853
}