{
  "mae": 9.517719078747952,
  "mse": 147.05324740998546,
  "rmse": 12.126551340343447,
  "mape": 0.13322470999422725
}