{
  "mae": 9.81775996476017,
  "mse": 152.85171883922902,
  "rmse": 12.363321513219214,
  "mape": 0.16252221790101182
}