{
  "mae": 4.436421752207357,
  "mse": 33.325373264395346,
  "rmse": 5.772813288544446,
  "mape": 0.08044092852056815
}