{
  "mae": 12.661326580069392,
  "mse": 257.34065450516835,
  "rmse": 16.041840745536913,
  "mape": 0.26843382932715804
}