{
  "mae": 11.825146727422258,
  "mse": 225.1998859213895,
  "rmse": 15.006661384911352,
  "mape": 0.2639039387032126
}