{
  "mae": 5.236790657572733,
  "mse": 62.60473498035136,
  "rmse": 7.912315399448594,
  "mape": 0.31739966651610385
}