{
  "mae": 9.560909578926141,
  "mse": 149.14155866822887,
  "rmse": 12.212352708148781,
  "mape": 0.1333038070805043
}