{
  "mae": 4.718310134092294,
  "mse": 52.19022593889235,
  "rmse": 7.224280305946908,
  "mape": 0.2854315212698838
}