{
  "mae": 4.492735970479196,
  "mse": 33.89637375416026,
  "rmse": 5.822059236572594,
  "mape": 0.08173077034910566
}