{
  "mae": 9.141610669344212,
  "mse": 132.7396468543744,
  "rmse": 11.521269324791188,
  "mape": 0.19187838187528813
}