{
  "mae": 6.78693487406879,
  "mse": 71.8161961417576,
  "rmse": 8.474443706920095,
  "mape": 0.08182096202194482
}