{
  "mae": 6.887892303842447,
  "mse": 81.53746004163057,
  "rmse": 9.029809524105731,
  "mape": 0.14244889655990087
}