{
  "mae": 4.623740191861941,
  "mse": 35.31535055956239,
  "rmse": 5.942672005046416,
  "mape": 0.0844464613737526
}