{
  "mae": 19.631562720416508,
  "mse": 469.77670607566483,
  "rmse": 21.674332886519593,
  "mape": 0.9892573590984799
}