{
  "mae": 6.59611002547172,
  "mse": 78.76507436397581,
  "rmse": 8.874968978197941,
  "mape": 0.22107666320231176
}