{
  "mae": 5.072296086786444,
  "mse": 53.38619069591314,
  "rmse": 7.306585433423272,
  "mape": 0.06393632980455002
}