{
  "mae": 5.212328288698242,
  "mse": 45.93355328235608,
  "rmse": 6.777429695862295,
  "mape": 0.0939595877292534
}