{
  "generated_at_utc": "2025-09-22T20:10:55.598395+00:00",
  "country": "HU",
  "season": "winter",
  "model": "DLinear_Model",
  "context_hours": 72,
  "forecast_hours": 72,
  "context_stats": {
    "last_value": 14.0,
    "mean": 22.569444444444443,
    "std": 12.659895546445616,
    "min": 9.0,
    "max": 47.0
  },
  "forecast_stats": {
    "first": 13.736371040344238,
    "last": 10.403535842895508,
    "mean": 19.775314331054688,
    "std": 11.652560234069824,
    "min": 7.1259765625,
    "max": 40.89595413208008
  },
  "delta_first_vs_last_context": -0.2636289596557617,
  "delta_last_vs_last_context": -3.596464157104492,
  "data_source": "CSV fallback"
}