{
  "mae": 3.9833810296709355,
  "mse": 32.57350266169473,
  "rmse": 5.707320094553549,
  "mape": 0.16667115379182193
}