{
  "mae": 4.885587270721321,
  "mse": 55.43456640461453,
  "rmse": 7.445439302325587,
  "mape": 0.29057090917062367
}