{
  "mae": 5.11371701556412,
  "mse": 52.21542912643569,
  "rmse": 7.226024434392378,
  "mape": 0.063291557028008
}