{
  "mae": 12.476617595175725,
  "mse": 238.12395762245896,
  "rmse": 15.431265587192094,
  "mape": 0.2812176122435347
}