{
  "mae": 11.60831970656794,
  "mse": 211.9124994824791,
  "rmse": 14.557214688341967,
  "mape": 0.256617719424518
}