{
  "mae": 11.100485697035799,
  "mse": 174.47031758491437,
  "rmse": 13.208721269862362,
  "mape": 0.15280614616785254
}