{
  "mae": 14.184140548955572,
  "mse": 285.4050087139498,
  "rmse": 16.893934080431052,
  "mape": 0.24015271908383434
}