{
  "mae": 4.552468148994858,
  "mse": 48.21962541123869,
  "rmse": 6.944035239775118,
  "mape": 0.2691567324803421
}