{
  "mae": 6.711635904270153,
  "mse": 75.29429974850028,
  "rmse": 8.677228805816998,
  "mape": 0.13425698569819333
}