{
  "mae": 11.6396626259944,
  "mse": 218.5515841710532,
  "rmse": 14.78349025673752,
  "mape": 0.2437323817847624
}