{
  "mae": 4.992548850880215,
  "mse": 44.59126169815455,
  "rmse": 6.677668882039192,
  "mape": 0.18303049644821257
}