{
  "mae": 12.014196251023215,
  "mse": 228.5706146809472,
  "rmse": 15.118552003447526,
  "mape": 0.2571033273896107
}