{
  "mae": 5.350043240206272,
  "mse": 45.55604256016422,
  "rmse": 6.749521654174036,
  "mape": 0.0953255277003761
}