{
  "mae": 10.963063090894899,
  "mse": 181.73631212767646,
  "rmse": 13.48096109806999,
  "mape": 0.15474843190842397
}