{
  "mae": 13.503509569897199,
  "mse": 267.24561457097764,
  "rmse": 16.347648594552602,
  "mape": 0.23728429097117498
}