{
  "mae": 12.657207288831804,
  "mse": 248.50863430640985,
  "rmse": 15.764156631625108,
  "mape": 0.28167426323472117
}