{
  "mae": 4.990771659613203,
  "mse": 45.78483835152221,
  "rmse": 6.7664494641962865,
  "mape": 0.18499296234089468
}