{
  "mae": 4.896091802409346,
  "mse": 38.29994502462811,
  "rmse": 6.188694937111387,
  "mape": 0.08945732007342494
}