{
  "generated_at_utc": "2025-09-22T20:10:24.830671+00:00",
  "country": "DE",
  "season": "summer",
  "model": "Robust_Improved_Hybrid_Model_v2",
  "context_hours": 72,
  "forecast_hours": 72,
  "context_stats": {
    "last_value": 85.0,
    "mean": 60.52777777777778,
    "std": 18.740903143052737,
    "min": 30.0,
    "max": 89.0
  },
  "forecast_stats": {
    "first": 69.78299713134766,
    "last": 53.75324630737305,
    "mean": 24.102294921875,
    "std": 18.571517944335938,
    "min": 4.129664421081543,
    "max": 69.78299713134766
  },
  "delta_first_vs_last_context": -15.217002868652344,
  "delta_last_vs_last_context": -31.246753692626953,
  "data_source": "CSV fallback"
}