{
  "mae": 9.060336790451288,
  "mse": 104.64786673825026,
  "rmse": 10.229753992068932,
  "mape": 0.10577788168527727
}