{
  "mae": 11.76306798592952,
  "mse": 220.62696462616998,
  "rmse": 14.853516911027166,
  "mape": 0.25061158435313535
}