{
  "mae": 7.734183238408278,
  "mse": 81.27201803982764,
  "rmse": 9.01509944702928,
  "mape": 0.09144509887988235
}