{
  "mae": 12.412852755050045,
  "mse": 236.48057163819283,
  "rmse": 15.377924815728319,
  "mape": 0.26542093724012894
}