{
  "mae": 6.640639463001913,
  "mse": 76.67972232919234,
  "rmse": 8.756695856839631,
  "mape": 0.1343498494023609
}