{
  "mae": 9.827123771408889,
  "mse": 150.7450897748345,
  "rmse": 12.277829196353666,
  "mape": 0.17060898490194654
}