{
  "mae": 5.953184583933208,
  "mse": 64.33489384231531,
  "rmse": 8.020903555230877,
  "mape": 0.07365553175303827
}