{
  "mae": 9.094336011129538,
  "mse": 113.33207512729034,
  "rmse": 10.645753854344479,
  "mape": 0.17100395313029157
}