{
  "mae": 9.533239054914805,
  "mse": 147.7095202939345,
  "rmse": 12.153580554467663,
  "mape": 0.16042933746310598
}