{
  "mae": 20.824407742222927,
  "mse": 810.2812817379853,
  "rmse": 28.4654401290053,
  "mape": 0.5218721407272185
}