{
  "mae": 10.136350580921444,
  "mse": 175.91591371891988,
  "rmse": 13.26332966185037,
  "mape": 0.14633818797933346
}