{
  "mae": 10.042407891015555,
  "mse": 159.07696242143535,
  "rmse": 12.612571602232249,
  "mape": 0.16649930944504235
}