{
  "mae": 9.085882893975532,
  "mse": 251.76191898463338,
  "rmse": 15.867007247261009,
  "mape": 0.3801741647857226
}