{
  "mae": 9.992553202452338,
  "mse": 150.91776035984628,
  "rmse": 12.28485898819544,
  "mape": 0.13843552757127237
}