{
  "mae": 10.060169447161007,
  "mse": 154.92350249640816,
  "rmse": 12.44682700516112,
  "mape": 0.16960700557053016
}