{
  "mae": 5.0328552233712305,
  "mse": 61.73059290404054,
  "rmse": 7.856881881767126,
  "mape": 0.2765887692303493
}