{
  "mae": 4.766381946221972,
  "mse": 37.21022235988643,
  "rmse": 6.1000182261929705,
  "mape": 0.08670971417338624
}