{
  "mae": 13.029402857850004,
  "mse": 249.99131750128367,
  "rmse": 15.811113733740697,
  "mape": 0.29556929972877777
}