{
  "mae": 6.698776490909443,
  "mse": 77.66622684246238,
  "rmse": 8.812844424047345,
  "mape": 0.13563029393714318
}