{
  "mae": 7.214690006794391,
  "mse": 82.28843435458585,
  "rmse": 9.071297280686254,
  "mape": 0.14147467996979604
}