{
  "mae": 12.914523564067483,
  "mse": 267.93280103189164,
  "rmse": 16.368652999923103,
  "mape": 0.26627517305780896
}