{
  "mae": 6.432107352023423,
  "mse": 72.6614305086664,
  "rmse": 8.52416743785963,
  "mape": 0.13157058924119547
}