{
  "mae": 11.64014780355372,
  "mse": 218.8573437146784,
  "rmse": 14.793827892559735,
  "mape": 0.2569552551581662
}