{
  "mae": 8.162887115377545,
  "mse": 104.34502231364029,
  "rmse": 10.21494113118819,
  "mape": 0.1667973602394439
}