{
  "mae": 8.60738994491484,
  "mse": 116.58378909444869,
  "rmse": 10.79739732965536,
  "mape": 0.17793427960022745
}