{
  "mae": 11.856104370258617,
  "mse": 224.71109609207093,
  "rmse": 14.990366776435824,
  "mape": 0.2615859782473757
}