{
  "mae": 12.735623895380645,
  "mse": 223.82387598504943,
  "rmse": 14.960744499691499,
  "mape": 0.545960987425039
}