{
  "mae": 9.88943038536117,
  "mse": 154.79901371401064,
  "rmse": 12.44182517615525,
  "mape": 0.13611821014771447
}