{
  "mae": 12.38226961575814,
  "mse": 242.83497556857603,
  "rmse": 15.58316320804528,
  "mape": 0.2603351986416741
}