{
  "mae": 6.6297559562569335,
  "mse": 76.83022077840944,
  "rmse": 8.765284979874268,
  "mape": 0.21196275741299184
}