{
  "mae": 14.221670907150513,
  "mse": 287.09189468409755,
  "rmse": 16.94378631487359,
  "mape": 0.24021219984443318
}