{
  "mae": 11.768338662541888,
  "mse": 192.8030401548605,
  "rmse": 13.885353440041074,
  "mape": 0.1898060375489329
}