{
  "mae": 4.667418654882548,
  "mse": 37.27098456936949,
  "rmse": 6.104996688727152,
  "mape": 0.08751491307502018
}