{
  "mae": 66.52456053957502,
  "mse": 5542.704628039609,
  "rmse": 74.44934269716295,
  "mape": 0.8287804413682613,
  "r2": -314.3113946371599
}