{
  "mae": 4.981020332217379,
  "mse": 62.21204763750055,
  "rmse": 7.887461419081588,
  "mape": 0.2637534182881696
}