{
  "mae": 10.08344596052575,
  "mse": 153.0656139382108,
  "rmse": 12.37196887880869,
  "mape": 0.1367656141262947
}