{
  "mae": 5.492660359998794,
  "mse": 57.54829346899948,
  "rmse": 7.586059152748513,
  "mape": 0.06768621069248476
}