{
  "mae": 5.484640764997057,
  "mse": 55.91819136076435,
  "rmse": 7.477846706155747,
  "mape": 0.19559031885352218
}