{
  "mae": 10.632318914468705,
  "mse": 151.83969614987106,
  "rmse": 12.322325111352608,
  "mape": 0.1810087635813822
}