{
  "mae": 9.79285205136159,
  "mse": 150.62765312752796,
  "rmse": 12.273045796685025,
  "mape": 0.13883821091716866
}