{
  "mae": 8.899311676278103,
  "mse": 126.59806683953506,
  "rmse": 11.251580637383135,
  "mape": 0.14449582237149522
}