{
  "mae": 8.560916472717206,
  "mse": 113.08550823529542,
  "rmse": 10.634167021224343,
  "mape": 0.17012153830653276
}