{
  "mae": 5.503238397663992,
  "mse": 57.86710243942118,
  "rmse": 7.607042949755258,
  "mape": 0.40658275670957056
}