{
  "mae": 7.231869951497818,
  "mse": 102.61084201994564,
  "rmse": 10.12970098373815,
  "mape": 0.2694343272485961
}