{
  "mae": 4.5326945854992164,
  "mse": 47.946495612321826,
  "rmse": 6.924340807060397,
  "mape": 0.2566808000564257
}