{
  "mae": 11.710096493601649,
  "mse": 216.92541863185028,
  "rmse": 14.728388188523898,
  "mape": 0.25251451195937114
}