{
  "mae": 7.193940510605781,
  "mse": 83.15182244825385,
  "rmse": 9.118762111616569,
  "mape": 0.14424876265441688
}