{
  "mae": 8.691266617879643,
  "mse": 215.76423589610545,
  "rmse": 14.688915409113957,
  "mape": 0.4022280267974128
}