{
  "mae": 7.405737688840702,
  "mse": 91.36380799576541,
  "rmse": 9.558441713781876,
  "mape": 0.15357559790464717
}