{
  "mae": 11.735688604998025,
  "mse": 221.69858838014855,
  "rmse": 14.88954627851865,
  "mape": 0.25845370959607117
}