{
  "mae": 11.734071995526932,
  "mse": 219.61604405155703,
  "rmse": 14.819448169603247,
  "mape": 0.2609546992369993
}