{
  "mae": 5.629191395373382,
  "mse": 56.64174070754428,
  "rmse": 7.52607073495488,
  "mape": 0.0683964705108651
}