{
  "mae": 12.951719884611347,
  "mse": 260.9425527315631,
  "rmse": 16.15371637523586,
  "mape": 0.27861288194874123
}