{
  "mae": 10.238684403168916,
  "mse": 165.80825642665934,
  "rmse": 12.876655482952836,
  "mape": 0.14129546548129682
}