{
  "mae": 9.978523863270272,
  "mse": 153.0716692786445,
  "rmse": 12.372213596549507,
  "mape": 0.13943347976750367
}