{
  "mae": 14.139413398122825,
  "mse": 287.5237510407951,
  "rmse": 16.956525323331874,
  "mape": 0.31535163203850614
}