{
  "mae": 9.618402192230496,
  "mse": 151.98812579006307,
  "rmse": 12.328346433729994,
  "mape": 0.1664334268728986
}