{
  "mae": 10.037287443098185,
  "mse": 149.2202842629671,
  "rmse": 12.215575478174047,
  "mape": 0.1377053151833399
}