{
  "mae": 5.979144690666954,
  "mse": 65.89483812071921,
  "rmse": 8.117563558157041,
  "mape": 0.07445019859669899
}