{
  "mae": 4.6344179332073345,
  "mse": 35.84883007057639,
  "rmse": 5.98738925330368,
  "mape": 0.08460353624816394
}