{
  "mae": 12.522939703360544,
  "mse": 249.72198168650598,
  "rmse": 15.802594144206386,
  "mape": 0.26454380944719497
}