{
  "mae": 10.151485331496778,
  "mse": 157.55582372682557,
  "rmse": 12.552124271485905,
  "mape": 0.1702977623250816
}