{
  "mae": 14.277858609194015,
  "mse": 290.1353455568984,
  "rmse": 17.03335978475469,
  "mape": 0.23333298724477924
}