{
  "mae": 5.829781842759214,
  "mse": 61.490225892538305,
  "rmse": 7.841570371586186,
  "mape": 0.07099466621486868
}