{
  "mae": 9.545359493727753,
  "mse": 153.46554377635928,
  "rmse": 12.388121075302715,
  "mape": 0.16035752239722992
}