{
  "mae": 9.147897425697618,
  "mse": 114.66598491766362,
  "rmse": 10.708220436546103,
  "mape": 0.17038560367730418
}