{
  "mae": 9.552981154768121,
  "mse": 146.20738452823176,
  "rmse": 12.091624561167608,
  "mape": 0.13188961338069594
}