{
  "mae": 4.801689285218036,
  "mse": 43.57177119563564,
  "rmse": 6.600891697008492,
  "mape": 0.18149303082390214
}