{
  "mae": 5.241783797793515,
  "mse": 51.33338845187975,
  "rmse": 7.164732266587478,
  "mape": 0.06460340247395983
}