{
  "mae": 12.603535135802463,
  "mse": 245.466704520155,
  "rmse": 15.667377078507908,
  "mape": 0.2732120698665828
}