{
  "mae": 5.311933967524647,
  "mse": 51.80686904939313,
  "rmse": 7.197698871819599,
  "mape": 0.0652282691589522
}