{
  "mae": 5.346565205554283,
  "mse": 48.332700750460305,
  "rmse": 6.952172376348296,
  "mape": 0.0988536939654301
}