{
  "mae": 14.574798713312074,
  "mse": 295.8466055159087,
  "rmse": 17.20019201973945,
  "mape": 0.23763533997131864
}