{
  "generated_at_utc": "2025-09-22T20:10:21.940034+00:00",
  "country": "DE",
  "season": "summer",
  "model": "DLinear_Model_v2",
  "context_hours": 72,
  "forecast_hours": 72,
  "context_stats": {
    "last_value": 85.0,
    "mean": 60.52777777777778,
    "std": 18.740903143052737,
    "min": 30.0,
    "max": 89.0
  },
  "forecast_stats": {
    "first": 85.17113494873047,
    "last": 68.67108154296875,
    "mean": 49.03140640258789,
    "std": 17.165502548217773,
    "min": 24.8145751953125,
    "max": 85.17113494873047
  },
  "delta_first_vs_last_context": 0.17113494873046875,
  "delta_last_vs_last_context": -16.32891845703125,
  "data_source": "CSV fallback"
}