{
  "mae": 9.935658746114555,
  "mse": 165.27243250711967,
  "rmse": 12.855832625976417,
  "mape": 0.1434394064954938
}