{
  "mae": 8.725247205580338,
  "mse": 127.40929790568742,
  "rmse": 11.2875727198405,
  "mape": 0.14413809890651863
}