{
  "mae": 9.091769240182717,
  "mse": 114.60463264209169,
  "rmse": 10.7053553253543,
  "mape": 0.17191533216127347
}