{
  "mae": 4.552585918066993,
  "mse": 46.11513383939522,
  "rmse": 6.790812457975497,
  "mape": 0.2913445818294115
}