{
  "mae": 12.626479484907243,
  "mse": 240.27443682466168,
  "rmse": 15.5007882646226,
  "mape": 0.2845004710822002
}