{
  "mae": 7.2812683765277715,
  "mse": 76.18040237044994,
  "rmse": 8.728138539829093,
  "mape": 0.08660813745865747
}