{
  "mae": 8.855553466892271,
  "mse": 120.4997983247781,
  "rmse": 10.97724001399159,
  "mape": 0.17327434835027772
}