{
  "mae": 7.0452401376065845,
  "mse": 91.53197901755225,
  "rmse": 9.567234658852696,
  "mape": 0.2200828285585047
}