{
  "mae": 9.084932848955908,
  "mse": 251.71271233768158,
  "rmse": 15.865456575140898,
  "mape": 0.3802144173413341
}