{
  "mae": 14.106487844689461,
  "mse": 283.3159129089945,
  "rmse": 16.831990758938602,
  "mape": 0.23386884313318734
}