{
  "mae": 10.326536980718284,
  "mse": 153.2340373064323,
  "rmse": 12.378773659229427,
  "mape": 0.13822818568619766
}