{
  "mae": 4.762936843534763,
  "mse": 37.611724700920405,
  "rmse": 6.132839856128676,
  "mape": 0.08965233759701095
}