{
  "mae": 7.090250049750027,
  "mse": 72.8432710262183,
  "rmse": 8.534826947643303,
  "mape": 0.08488269708022259
}