{
  "mae": 5.272138487437879,
  "mse": 48.62907586920977,
  "rmse": 6.973455088348227,
  "mape": 0.20344443208146595
}