{
  "mae": 9.487150760549593,
  "mse": 146.06233381600688,
  "rmse": 12.085625089998732,
  "mape": 0.1317089370066024
}