{
  "mae": 9.170248593881226,
  "mse": 133.34997200952108,
  "rmse": 11.547725837130058,
  "mape": 0.3302765743060866
}