{
  "mae": 9.280765159091146,
  "mse": 119.88871672576919,
  "rmse": 10.949370608659166,
  "mape": 0.17339830603495168
}