{
  "mae": 5.748818888239751,
  "mse": 64.57450354794558,
  "rmse": 8.035826251727048,
  "mape": 0.07234934297421158
}