{
  "mae": 5.9705103897669,
  "mse": 60.60641296624069,
  "rmse": 7.785012072324659,
  "mape": 0.21503741868285986
}