{
  "mae": 6.45158942359618,
  "mse": 73.33373571147492,
  "rmse": 8.563511879566404,
  "mape": 0.22055950080802678
}