{
  "mae": 6.869309318313544,
  "mse": 78.9727062501644,
  "rmse": 8.88665889129117,
  "mape": 0.14005212353007823
}