{
  "mae": 5.294180667639665,
  "mse": 70.24071050005611,
  "rmse": 8.380973123692506,
  "mape": 0.2838770986451612
}