{
  "mae": 5.078143798867854,
  "mse": 44.90205654276707,
  "rmse": 6.700899681592545,
  "mape": 0.19027981456339577
}