{
  "mae": 6.93508478610165,
  "mse": 80.30932476671646,
  "rmse": 8.961547007448907,
  "mape": 0.2718786132742258
}