{
  "mae": 9.671441498663082,
  "mse": 153.9275936397613,
  "rmse": 12.40675596760738,
  "mape": 0.16409739971706805
}