{
  "mae": 12.76450763569377,
  "mse": 250.36150852374746,
  "rmse": 15.822816074382823,
  "mape": 0.29467048314084887
}