{
  "mae": 14.420013783862526,
  "mse": 303.2139009292005,
  "rmse": 17.41303824521156,
  "mape": 0.31809600989900405
}