{
  "mae": 4.910820145474245,
  "mse": 43.74257226887256,
  "rmse": 6.613816770131492,
  "mape": 0.192614734752085
}