{
  "mae": 4.070110087234354,
  "mse": 33.406080151547556,
  "rmse": 5.779799317584267,
  "mape": 0.16559770762712434
}