{
  "mae": 9.084888815020314,
  "mse": 251.24394414013997,
  "rmse": 15.850676456862653,
  "mape": 0.38154693756273494
}