{
  "mae": 9.95340271480546,
  "mse": 157.91304636737692,
  "rmse": 12.56634578417198,
  "mape": 0.17078474913589162
}