{
  "mae": 9.589730891353453,
  "mse": 152.85665814019436,
  "rmse": 12.363521267834434,
  "mape": 0.15938914552362762
}