{
  "mae": 10.304384484090166,
  "mse": 169.31010949784164,
  "rmse": 13.011921821846366,
  "mape": 0.1678079546831944
}