{
  "mae": 10.300506553707082,
  "mse": 156.82389568905708,
  "rmse": 12.52293478738339,
  "mape": 0.1413012617287872
}