{
  "mae": 9.528045867997802,
  "mse": 149.53974582170687,
  "rmse": 12.228644480141979,
  "mape": 0.13621331221086155
}