{
  "mae": 9.618273156407245,
  "mse": 151.08218912194351,
  "rmse": 12.291549500447188,
  "mape": 0.1352777716459599
}