{
  "mae": 5.23994923933309,
  "mse": 67.50134495497669,
  "rmse": 8.215920213523052,
  "mape": 0.28281619272591185
}