{
  "mae": 4.732860133683335,
  "mse": 35.379059002242045,
  "rmse": 5.948029842077294,
  "mape": 0.08646671253098849
}