{
  "mae": 12.487053901978257,
  "mse": 238.16105000501574,
  "rmse": 15.432467398475714,
  "mape": 0.27326968570624016
}