{
  "mae": 4.9158407922378435,
  "mse": 40.097657159360686,
  "rmse": 6.332271090166678,
  "mape": 0.09257513168228937
}