{
  "mae": 8.514760437195447,
  "mse": 120.32728556967213,
  "rmse": 10.969379452351538,
  "mape": 0.14101904914865526
}