{
  "mae": 9.884080770057189,
  "mse": 144.6217319441677,
  "rmse": 12.025877595592252,
  "mape": 0.3908465895267958
}