{
  "mae": 12.783629247142512,
  "mse": 263.9820872556338,
  "rmse": 16.247525573318352,
  "mape": 0.27452564162096327
}