{
  "mae": 6.468691774779708,
  "mse": 66.69751673502749,
  "rmse": 8.166854763923961,
  "mape": 0.24057484021849795
}