{
  "mae": 8.967677331198743,
  "mse": 132.37840707002695,
  "rmse": 11.505581561573798,
  "mape": 0.14428039321674468
}