{
  "mae": 4.286286902046587,
  "mse": 30.84132871983666,
  "rmse": 5.553496981167511,
  "mape": 0.07744172019373845
}