{
  "mae": 10.006271007988188,
  "mse": 156.3824786147105,
  "rmse": 12.50529802182701,
  "mape": 0.13962122801746288
}