{
  "mae": 5.628965526641515,
  "mse": 56.33121504832391,
  "rmse": 7.505412383628491,
  "mape": 0.06870836201692601
}