{
  "mae": 7.7890724603948485,
  "mse": 151.7126114372571,
  "rmse": 12.31716734632022,
  "mape": 0.44793136016762874
}