{
  "mae": 9.225533480550174,
  "mse": 115.99026385556232,
  "rmse": 10.769877615626015,
  "mape": 0.17102869371767343
}