{
  "mae": 4.686176296807576,
  "mse": 50.7945903248463,
  "rmse": 7.127032364515142,
  "mape": 0.27451311121972727
}