{
  "mae": 8.824456849080876,
  "mse": 130.1592970183506,
  "rmse": 11.408737748688528,
  "mape": 0.14443405800875903
}