{
  "mae": 13.176779319016592,
  "mse": 256.3373417216001,
  "rmse": 16.01053845820309,
  "mape": 0.2884938761439926
}