{
  "mae": 10.65627061937522,
  "mse": 169.49422090669552,
  "rmse": 13.018994619658445,
  "mape": 0.1806088281505699
}