{
  "mae": 12.571071893315112,
  "mse": 239.2956628510242,
  "rmse": 15.469184298178886,
  "mape": 0.2822190503509765
}