{
  "mae": 4.937288597617445,
  "mse": 58.81218514919816,
  "rmse": 7.668910297375903,
  "mape": 0.26196207839532415
}