{
  "mae": 12.539420787890874,
  "mse": 243.1869251470099,
  "rmse": 15.594451742431021,
  "mape": 0.26550490953384204
}