{
  "mae": 8.790537395130597,
  "mse": 117.86793253726375,
  "rmse": 10.856699891645885,
  "mape": 0.17294662029677074
}