{
  "mae": 8.6873003468596,
  "mse": 115.30928441491062,
  "rmse": 10.738216072277119,
  "mape": 0.173644842741678
}