{
  "mae": 9.77884839738748,
  "mse": 151.09234459641908,
  "rmse": 12.291962601489605,
  "mape": 0.16543660976817331
}