{
  "mae": 5.61496307792595,
  "mse": 55.26297930088529,
  "rmse": 7.433907404648331,
  "mape": 0.06800383357594486
}