{
  "mae": 10.643428396947035,
  "mse": 158.43582745480145,
  "rmse": 12.58712943664287,
  "mape": 0.14178516228218083
}