{
  "mae": 14.545252219276934,
  "mse": 293.38715503671943,
  "rmse": 17.128547954707646,
  "mape": 0.23637937123259348
}