{
  "mae": 7.125487955487274,
  "mse": 85.53350223316161,
  "rmse": 9.248432420316517,
  "mape": 0.14459040173805482
}