{
  "mae": 6.740290215920933,
  "mse": 84.8555878203724,
  "rmse": 9.211709277890417,
  "mape": 0.21979392964730174
}