{
  "mae": 9.714181965654666,
  "mse": 147.46581494479133,
  "rmse": 12.14355034348651,
  "mape": 0.1349451766517343
}