{
  "mae": 4.882763982437472,
  "mse": 38.63819288413003,
  "rmse": 6.215962747968333,
  "mape": 0.08757570238227758
}