{
  "mae": 6.880687622488016,
  "mse": 77.67168019367499,
  "rmse": 8.813153816521925,
  "mape": 0.1402154225964582
}