{
  "mae": 4.829144390719492,
  "mse": 56.87257775902937,
  "rmse": 7.541390969776687,
  "mape": 0.25865426581899553
}