{
  "mae": 6.875049381262979,
  "mse": 80.12049318798691,
  "rmse": 8.951005149590012,
  "mape": 0.14109241810456602
}