{
  "mae": 12.402238245445016,
  "mse": 239.90781114087204,
  "rmse": 15.488957716414363,
  "mape": 0.27612363526289785
}