{
  "mae": 4.424896215846546,
  "mse": 32.46468180093947,
  "rmse": 5.6977786725126025,
  "mape": 0.08068779905461664
}