{
  "mae": 7.10274211987265,
  "mse": 87.64966815992861,
  "rmse": 9.362140148487876,
  "mape": 0.1475177043966771
}