{
  "mae": 9.203731195993255,
  "mse": 132.80878238501117,
  "rmse": 11.524269277703084,
  "mape": 0.18840066987348336
}