{
  "mae": 6.843822233808641,
  "mse": 80.39178598598491,
  "rmse": 8.966146663198462,
  "mape": 0.1362684811441547
}