{
  "mae": 10.702373829840456,
  "mse": 161.98251463904143,
  "rmse": 12.727235152971812,
  "mape": 0.1430467648327931
}