{
  "mae": 7.2147561964657765,
  "mse": 76.73930562421945,
  "rmse": 8.76009735243961,
  "mape": 0.08595062661235783
}