{
  "mae": 4.924396906746691,
  "mse": 38.059120058385055,
  "rmse": 6.1692074092532385,
  "mape": 0.08772598277762378
}