{
  "mae": 9.876158795504406,
  "mse": 152.05577444688367,
  "rmse": 12.331089750986475,
  "mape": 0.13716438167710285
}