{
  "mae": 10.505299436029118,
  "mse": 183.73732252627528,
  "rmse": 13.554974087997191,
  "mape": 0.14963756522174945
}