{
  "mae": 7.362840746214688,
  "mse": 76.16051838802784,
  "rmse": 8.726999392003407,
  "mape": 0.08801556842385061
}