{
  "mae": 19.78871921880383,
  "mse": 608.7986394686895,
  "rmse": 24.67384525096746,
  "mape": 0.6976515820925153
}