{
  "mae": 7.6484433741774955,
  "mse": 79.70348655038042,
  "rmse": 8.92768091669838,
  "mape": 0.090716847632118
}