{
  "mae": 4.730678706056232,
  "mse": 36.16583362385703,
  "rmse": 6.013803590395768,
  "mape": 0.0865387010472507
}