{
  "mae": 5.705082338045826,
  "mse": 57.20635270312457,
  "rmse": 7.563488130692384,
  "mape": 0.0698928252513659
}