{
  "mae": 12.465834424748577,
  "mse": 242.88665600809546,
  "rmse": 15.584821333852226,
  "mape": 0.2609276256342478
}