{
  "mae": 6.495649356789211,
  "mse": 75.45759807805256,
  "rmse": 8.686633299388927,
  "mape": 0.22095647926465695
}