{
  "mae": 8.058834353414362,
  "mse": 167.1022719376136,
  "rmse": 12.926804397747095,
  "mape": 0.4108768451911269
}