{
  "mae": 6.826005913041256,
  "mse": 78.35002382585017,
  "rmse": 8.851554881818796,
  "mape": 0.13628904928145572
}