{
  "mae": 4.989551294533933,
  "mse": 54.53540875292126,
  "rmse": 7.384809324073389,
  "mape": 0.30056365770560317
}