{
  "mae": 6.438319839044057,
  "mse": 73.37235486297493,
  "rmse": 8.565766449242878,
  "mape": 0.12907270227815876
}