{
  "mae": 6.621052290690112,
  "mse": 75.87570454567799,
  "rmse": 8.710666136735927,
  "mape": 0.13320165269085077
}