{
  "generated_at_utc": "2025-09-22T20:10:30.917374+00:00",
  "country": "DK",
  "season": "summer",
  "model": "Transformer_Model",
  "context_hours": 72,
  "forecast_hours": 72,
  "context_stats": {
    "last_value": 92.5,
    "mean": 86.75694444444444,
    "std": 8.331559417674876,
    "min": 66.25,
    "max": 95.0
  },
  "forecast_stats": {
    "first": 99.88008880615234,
    "last": 91.76972198486328,
    "mean": 100.90184020996094,
    "std": 9.549067497253418,
    "min": 80.02852630615234,
    "max": 117.81629180908203
  },
  "delta_first_vs_last_context": 7.380088806152344,
  "delta_last_vs_last_context": -0.7302780151367188,
  "data_source": "CSV fallback"
}