{
  "mae": 9.900919839544358,
  "mse": 158.05440510620676,
  "rmse": 12.571969022639482,
  "mape": 0.16701733207057387
}