{
  "mae": 10.068806516016767,
  "mse": 159.38930130699038,
  "rmse": 12.62494757640563,
  "mape": 0.14291138103586973
}