{
  "mae": 11.065918159217059,
  "mse": 167.87056353731012,
  "rmse": 12.956487314751252,
  "mape": 0.14791336881766887
}