{
  "mae": 9.915941006933188,
  "mse": 158.13632716895967,
  "rmse": 12.575226724356092,
  "mape": 0.13873081728753453
}