{
  "mae": 9.084820847621309,
  "mse": 252.00126022590194,
  "rmse": 15.874547559722826,
  "mape": 0.3793939364693642
}