{
  "mae": 14.194875046204759,
  "mse": 283.42608962988356,
  "rmse": 16.83526327771216,
  "mape": 0.24004665315520016
}