{
  "mae": 14.50751771022497,
  "mse": 310.0324043553851,
  "rmse": 17.607737059468633,
  "mape": 0.3054781076545844
}