{
  "mae": 4.232482531602295,
  "mse": 30.339329384670272,
  "rmse": 5.508114866691713,
  "mape": 0.07875288481094671
}