{
  "mae": 5.126174264463625,
  "mse": 64.0020133958144,
  "rmse": 8.000125836248728,
  "mape": 0.2764623032615924
}