{
  "mae": 14.50167916575298,
  "mse": 298.34489331492347,
  "rmse": 17.272663179571456,
  "mape": 0.24147245299711348
}