{
  "mae": 7.148557122351186,
  "mse": 86.88426769892871,
  "rmse": 9.321173085987017,
  "mape": 0.14546343989236363
}