{
  "mae": 5.901048222965176,
  "mse": 67.36451574460594,
  "rmse": 8.207588911769761,
  "mape": 0.20022279481274738
}