{
  "mae": 9.654229660557485,
  "mse": 149.54848403794065,
  "rmse": 12.229001759667085,
  "mape": 0.13428209842581967
}