{
  "mae": 4.584352270704296,
  "mse": 50.35808080393509,
  "rmse": 7.096342776665674,
  "mape": 0.2980315390014778
}