{
  "mae": 10.369763441442647,
  "mse": 158.66493694134837,
  "rmse": 12.596227091528176,
  "mape": 0.14291099746365576
}