{
  "mae": 8.483094816348206,
  "mse": 118.87341777986303,
  "rmse": 10.902908684376984,
  "mape": 0.14549093402462462
}