{
  "mae": 4.172245504289023,
  "mse": 29.557835829934195,
  "rmse": 5.436711858277409,
  "mape": 0.07692285373214533
}