{
  "mae": 8.55392807152102,
  "mse": 113.19031701099523,
  "rmse": 10.639093805912006,
  "mape": 0.16994073358826084
}