{
  "mae": 12.708382807940012,
  "mse": 256.90826660135417,
  "rmse": 16.028358200431953,
  "mape": 0.2702763878709134
}