{
  "mae": 5.052587472342187,
  "mse": 52.21032601039194,
  "rmse": 7.225671319011953,
  "mape": 0.06302039868060992
}