{
  "mae": 5.053875705180888,
  "mse": 57.712722080326316,
  "rmse": 7.596888973805417,
  "mape": 0.29485825994271986
}