{
  "mae": 5.07978528945661,
  "mse": 59.1634198327475,
  "rmse": 7.691776116915228,
  "mape": 0.291401878341368
}