{
  "mae": 10.092116524612969,
  "mse": 155.22899780132266,
  "rmse": 12.4590929766706,
  "mape": 0.13889338914867996
}