{
  "mae": 5.1042141006490995,
  "mse": 53.53148989662257,
  "rmse": 7.3165217075207645,
  "mape": 0.06367530305544038
}