{
  "mae": 7.49821433768753,
  "mse": 99.97640289835245,
  "rmse": 9.998820075306508,
  "mape": 0.15623643398664352
}