{
  "mae": 9.10917844914203,
  "mse": 162.08455285485306,
  "rmse": 12.73124317790109,
  "mape": 0.6271838211756071
}