{
  "mae": 6.454295282282103,
  "mse": 72.79470487972178,
  "rmse": 8.531981298603611,
  "mape": 0.1300220266005934
}