{
  "mae": 5.812215872465153,
  "mse": 63.08994840709202,
  "rmse": 7.942918129194838,
  "mape": 0.19491448283913934
}