{
  "mae": 4.771265590768405,
  "mse": 36.82906626093017,
  "rmse": 6.06869559797904,
  "mape": 0.08937946654128197
}