{
  "mae": 5.375082636841906,
  "mse": 45.94457432133795,
  "rmse": 6.77824271631947,
  "mape": 0.09601051100062108
}