{
  "mae": 4.562214307275527,
  "mse": 51.28410700162931,
  "rmse": 7.161292271764176,
  "mape": 0.2689665849307574
}