{
  "mae": 6.465671134432953,
  "mse": 75.75651197953087,
  "rmse": 8.703821688174159,
  "mape": 0.13212714271630177
}