{
  "mae": 12.644853751441792,
  "mse": 242.88085419665202,
  "rmse": 15.584635196136354,
  "mape": 0.2733728445918614
}