{
  "generated_at_utc": "2025-09-22T20:10:41.538506+00:00",
  "country": "DE",
  "season": "winter",
  "model": "DLinear_Model",
  "context_hours": 72,
  "forecast_hours": 72,
  "context_stats": {
    "last_value": 34.0,
    "mean": 66.48611111111111,
    "std": 15.638265973384676,
    "min": 34.0,
    "max": 87.0
  },
  "forecast_stats": {
    "first": 32.55064010620117,
    "last": 21.458072662353516,
    "mean": 27.976825714111328,
    "std": 7.227264404296875,
    "min": 14.078679084777832,
    "max": 43.001380920410156
  },
  "delta_first_vs_last_context": -1.4493598937988281,
  "delta_last_vs_last_context": -12.541927337646484,
  "data_source": "CSV fallback"
}