{
  "mae": 10.219643862611537,
  "mse": 152.61739920122395,
  "rmse": 12.353841475477331,
  "mape": 0.13722013540027334
}