{
  "mae": 9.06551146368837,
  "mse": 209.8955530903568,
  "rmse": 14.487772537224513,
  "mape": 0.5144163228652667
}