{
  "mae": 8.94144456458584,
  "mse": 123.54958093447387,
  "rmse": 11.11528591330308,
  "mape": 0.1775417085629715
}