{
  "mae": 4.604524839429579,
  "mse": 34.75175210801922,
  "rmse": 5.895061671265129,
  "mape": 0.08388686852614176
}