{
  "mae": 10.344248355184329,
  "mse": 167.63006409574626,
  "rmse": 12.947202944873702,
  "mape": 0.1717188978234838
}