{
  "mae": 12.258438170064776,
  "mse": 194.1640500153202,
  "rmse": 13.93427608508315,
  "mape": 0.16005056648719151
}