{
  "mae": 6.802733564237184,
  "mse": 69.16756298972683,
  "rmse": 8.316703853674653,
  "mape": 0.08170378293361032
}