{
  "mae": 4.541242673149012,
  "mse": 50.03962539063824,
  "rmse": 7.073869195188602,
  "mape": 0.2772200291780563
}