{
  "mae": 9.772760428528969,
  "mse": 149.753039483007,
  "rmse": 12.23736243979915,
  "mape": 0.13466899633576052
}