{
  "mae": 11.948414256158086,
  "mse": 227.70416283176723,
  "rmse": 15.089869543232215,
  "mape": 0.24928505921816566
}