{
  "mae": 9.976504607489026,
  "mse": 165.66945796568163,
  "rmse": 12.871264816080883,
  "mape": 0.17372283718929135
}