{
  "mae": 5.030384361371674,
  "mse": 40.55132086748884,
  "rmse": 6.367991902278837,
  "mape": 0.09154913233248432
}