{
  "mae": 9.839891341956514,
  "mse": 173.92733413784507,
  "rmse": 13.188151278243856,
  "mape": 0.7094762203196133
}