{
  "generated_at_utc": "2025-09-22T20:10:26.691793+00:00",
  "country": "DK",
  "season": "summer",
  "model": "Cycle_LSTM_Model_v2",
  "context_hours": 72,
  "forecast_hours": 72,
  "context_stats": {
    "last_value": 92.5,
    "mean": 86.75694444444444,
    "std": 8.331559417674876,
    "min": 66.25,
    "max": 95.0
  },
  "forecast_stats": {
    "first": 4.755054473876953,
    "last": 3.937427520751953,
    "mean": 3.467569351196289,
    "std": 0.5322744250297546,
    "min": 2.6843817234039307,
    "max": 4.755054473876953
  },
  "delta_first_vs_last_context": -87.74494552612305,
  "delta_last_vs_last_context": -88.56257247924805,
  "data_source": "CSV fallback"
}