{
  "mae": 4.3133556135985955,
  "mse": 31.402614873639386,
  "rmse": 5.603803607697132,
  "mape": 0.07990922301934261
}