{
  "mae": 9.234278340030249,
  "mse": 130.7344709304887,
  "rmse": 11.433917567067233,
  "mape": 0.1512753285777689
}